"UChAnqc_AY5_I3Px5dig3X1Q","Korone Ch. 戌神ころね","戌神ころね",'2020-08-03','2020-08-03'
"UCqm3BQLlJfvkTsX_hvm0UmA","Watame Ch. 角巻わため","角巻わため",'2020-08-03','2020-08-03'
"UC1DCedRgGHBdm81E1llLhOQ","Pekora Ch. 兎田ぺこら","兎田ぺこら",'2020-08-03','2020-08-03'
"UCvaTdHTWBGv3MKj3KVqJVCw","Okayu Ch. 猫又おかゆ","猫又おかゆ",'2020-08-03','2020-08-03'
"UC1opHUrw8rvnsadT-iGp7Cg","Aqua Ch. 湊あくあ","湊あくあ",'2020-08-03','2020-08-03'
"UCp-5t9SrOQwXMU7iIjQfARg","Mio Channel 大神ミオ","大神ミオ",'2020-08-03','2020-08-03'
"UC-hM6YJuNYVAmUWxeIr9FeA","Miko Ch. さくらみこ","さくらみこ",'2020-08-03','2020-08-03'
"UCXTpFs_3PqI41qX2d9tL2Rw","Shion Ch. 紫咲シオン","紫咲シオン",'2020-08-03','2020-08-03'
"UCQ0UDLQCjY0rmuxCDE38FGg","Matsuri Channel 夏色まつり","夏色まつり",'2020-08-03','2020-08-03'
"UCFTLzh12_nrtzqBPsTCqenA","アキロゼCh。Vtuber/ホロライブ所属","アキロゼ",'2020-08-03','2020-08-03'
"UCCzUftO8KOVkV4wQG1vkUvg","Marine Ch. 宝鐘マリン","宝鐘マリン",'2020-08-03','2020-08-03'
"UC1CfXB_kRs3C-zaeTG3oGyg","Haato Channel 赤井はあと","赤井はあと",'2020-08-03','2020-08-03'
"UCvzGlP9oQwU--Y0r9id_jnA","Subaru Ch. 大空スバル","大空スバル",'2020-08-03','2020-08-03'
"UCS9uQI-jC3DE0L4IpXyvr6w","Coco Ch. 桐生ココ","桐生ココ",'2020-08-03','2020-08-03'
"UCdn5BQ06XqgXoAxIhbqw5Rg","フブキCh。白上フブキ","白上フブキ",'2020-08-03','2020-08-03'
"UCZlDXzGoo7d44bwdNObFacg","Kanata Ch. 天音かなた","天音かなた",'2020-08-03','2020-08-03'
"UCdyqAaZDKHXg4Ahi7VENThQ","Noel Ch. 白銀ノエル","白銀ノエル",'2020-08-03','2020-08-03'
"UCl_gCybOJRIgOXw6Qb4qJzQ","Rushia Ch. 潤羽るしあ","潤羽るしあ",'2020-08-03','2020-08-03'
"UCDqI2jOz0weumE8s7paEk6g","Roboco Ch. - ロボ子","ロボ子",'2020-08-03','2020-08-03'
"UC5CwaMl1eIgY8h02uZw7u8A","Suisei Channel","星街すいせい",'2020-08-03','2020-08-03'
"UCD8HOxPs4Xvsm8H0ZxXGiBw","Mel Channel 夜空メルチャンネル","夜空メル",'2020-08-03','2020-08-03'
"UC7fk0CB07ly8oSl0aqKkqFg","Nakiri Ayame Ch. 百鬼あやめ","百鬼あやめ",'2020-08-03','2020-08-03'
"UCa9Y57gfeY0Zro_noHRVrnw","Luna Ch. 姫森ルーナ","姫森ルーナ",'2020-08-03','2020-08-03'
"UC1uv2Oq6kNxgATlCiez59hw","Towa Ch. 常闇トワ","常闇トワ",'2020-08-03','2020-08-03'
"UCp6993wxpyDPHUpavwDFqgg","SoraCh. ときのそらチャンネル","ときのそら",'2020-08-03','2020-08-03'
"UCvInZx9h3jC2JzsIzoOebWg","Flare Ch. 不知火フレア","不知火フレア",'2020-08-03','2020-08-03'
"UC1suqwovbL1kzsoaZgFZLKg","Choco Ch. 癒月ちょこ","癒月ちょこ",'2020-08-03','2020-08-03'
"UCFKOVgVbGmX65RxO3EtH3iw","Lamy Ch. 雪花ラミィ","雪花ラミィ",'2020-08-12','2020-08-12'
"UCK9V2B22uJYu3N7eR_BT9QA","Polka Ch. 尾丸ポルカ","尾丸ポルカ",'2020-08-12','2020-08-12'
"UCUKD-uaobj9jiqB-VXt71mA","Botan Ch.獅白ぼたん","獅白ぼたん",'2020-08-12','2020-08-12'
"UCAWSyEs_Io8MtpY3m-zqILA","Nene Ch.桃鈴ねね","桃鈴ねね",'2020-08-12','2020-08-12'
